{
  "AutoConfig": {
    "Add Config": "\u003c...\u003e",
    "Toggle": "Normal",
    "Hidden": "Visible",
    "Enabled": "false",
    "Name": "AutoConfig"
  },
  "ClickGui": {
    "Blur-Size": "3",
    "Description": "true",
    "Description-Width": "240",
    "Color": "FFAA60FF-false-false-false-100.0-100.0-100.0",
    "Blur-Amount": "8",
    "Enabled": "false",
    "Name": "ClickGui",
    "Open": "+",
    "White-Settings": "false",
    "Toggle": "Normal",
    "CatEars": "false",
    "Blur": "false",
    "Hidden": "Hidden",
    "Close": "-"
  },
  "Colors": {
    "RainbowSpeed": "98",
    "Toggle": "Normal",
    "Color": "FF3D08AE-false-false-false-100.0-100.0-100.0",
    "Hidden": "Hidden",
    "Enabled": "true",
    "Name": "Colors"
  },
  "Commands": {
    "Toggle": "Normal",
    "Hidden": "Visible",
    "Enabled": "true",
    "PrefixBind": "false",
    "Prefix": "+",
    "BackgroundGui": "false",
    "Name": "Commands"
  },
  "Debug": {
    "DebugBreakPing": "false",
    "SlowUpdates": "false",
    "Toggle": "Normal",
    "DebugPlacePing": "false",
    "Hidden": "Visible",
    "Enabled": "false",
    "Name": "Debug"
  },
  "CustomFont": {
    "FontStyle": "Plain",
    "Metrics": "true",
    "FontSize": "18",
    "Toggle": "Normal",
    "Hidden": "Hidden",
    "Enabled": "true",
    "AntiAlias": "true",
    "Shadow": "true",
    "Fonts": "false",
    "Font": "Verdana",
    "Name": "CustomFont"
  },
  "HUD": {
    "Speed": "true",
    "RenderMode": "Normal",
    "Animations": "true",
    "Modules": "None",
    "Color": "FF7312C7-false-false-false-100.0-100.0-100.0",
    "Coordinates": "true",
    "FPS": "true",
    "Enabled": "true",
    "Shadow": "true",
    "PotionColor": "Normal",
    "Name": "HUD",
    "Logo": "true",
    "Potions": "Text",
    "Rainbow": "Static",
    "Armor": "true",
    "TPS": "true",
    "Toggle": "Normal",
    "Ping": "true",
    "Hidden": "Hidden"
  },
  "Management": {
    "ClearPops": "false",
    "AspectRatioWidth": "854",
    "Enabled": "false",
    "Time": "0",
    "IgnoreForgeRegistries": "false",
    "Name": "Management",
    "AspectRatioHeight": "480",
    "PauseOnLeftFocus": "true",
    "ChangeAspectRatio": "false",
    "DeathTime": "250",
    "SoundRemove": "true",
    "Toggle": "Normal",
    "Pooled-Screenshots": "false",
    "Hidden": "Visible",
    "LogoutPops": "false",
    "SelfFriend": "true"
  },
  "Notifications": {
    "NoSlowDown": "false",
    "CustomFont": "false",
    "Server": "false",
    "NoHunger": "false",
    "Modules": "true",
    "Flight": "false",
    "AutoTrap": "true",
    "PhaseTrace": "false",
    "Lag-O-Meter": "true",
    "Auto32k": "true",
    "S-Safety": "false",
    "NoInterp": "true",
    "Criticals": "true",
    "AntiPackets": "true",
    "SafeWalk": "false",
    "Announcer": "true",
    "AntiSurround": "true",
    "Sorter": "false",
    "Hidden": "Hidden",
    "EntityControl": "false",
    "Categories": "Movement",
    "EntitySpeed": "false",
    "ToolTips": "true",
    "AutoReconnect": "true",
    "PacketDelay": "true",
    "FakePlayer": "false",
    "Colors": "false",
    "NoRotate": "false",
    "AntiTrap": "true",
    "BuildHeight": "true",
    "FastEat": "false",
    "NoAFK": "true",
    "Sprint": "false",
    "NoGlitchBlocks": "false",
    "Player-Color": "None",
    "AutoLog": "true",
    "Spectate": "false",
    "Fullbright": "true",
    "S-AutoCrystal": "false",
    "Scaffold": "false",
    "Logger": "true",
    "Suicide": "false",
    "RainbowEnchant": "true",
    "AnvilAura": "true",
    "ClickGui": "false",
    "AntiVanish": "true",
    "AutoFish": "true",
    "S-Inventory": "false",
    "Jesus": "false",
    "SettingSpoof": "true",
    "Commands": "false",
    "Chat": "true",
    "AutoMine": "false",
    "TrueDurability": "false",
    "SelfTrap": "true",
    "Surround": "true",
    "ESP": "true",
    "CrystalBomber": "true",
    "Totem-Color": "None",
    "Enabled": "true",
    "TotemPops": "true",
    "BowSpam": "true",
    "Speedmine": "false",
    "BreadCrumbs": "true",
    "MCF": "true",
    "HighJump": "false",
    "Tab": "false",
    "Penis": "true",
    "HoleTP": "false",
    "AutoCraft": "true",
    "MCP": "false",
    "AutoArmor": "true",
    "Tracker": "true",
    "AutoRegear": "true",
    "Trails": "true",
    "ExtraTab": "true",
    "AutoCrystal": "true",
    "PistonAura": "true",
    "LiquidInteract": "false",
    "Replenish": "false",
    "Name": "Notifications",
    "ElytraFlight": "false",
    "Nuker": "true",
    "Sounds": "true",
    "BowKiller": "true",
    "Search": "true",
    "VoidESP": "true",
    "NoHandShake": "true",
    "XRay": "true",
    "AutoTool": "false",
    "AutoConfig": "false",
    "Spammer": "true",
    "Waypoints": "true",
    "PopChams": "true",
    "BoatFly": "false",
    "PingSpoof": "true",
    "Show-Modules": "true",
    "Media": "false",
    "ExpTweaks": "false",
    "NoFall": "false",
    "XCarry": "false",
    "HudEditor": "false",
    "WebAura": "true",
    "AutoRespawn": "true",
    "BlockHighlight": "true",
    "FastSwim": "false",
    "PacketFly": "false",
    "TpsSync": "false",
    "ReverseStep": "true",
    "AutoEat": "true",
    "Static": "false",
    "Notifications": "false",
    "NewChunks": "true",
    "Portals": "true",
    "MultiTask": "false",
    "Tracers": "true",
    "NoSoundLag": "true",
    "KillAura": "true",
    "IceSpeed": "false",
    "Chams": "true",
    "Phase": "false",
    "RPC": "true",
    "Crosshair": "true",
    "NoRender": "true",
    "HoleESP": "true",
    "Step": "true",
    "ViewModel": "true",
    "Arrows": "false",
    "CrystalScale": "true",
    "NoInteract": "true",
    "S-AutoTotem": "false",
    "BlockTweaks": "false",
    "HUD": "false",
    "Offhand": "true",
    "Packets": "true",
    "Toggle": "Normal",
    "BlockLag": "false",
    "Nametags": "true",
    "LongJump": "false",
    "Skeleton": "true",
    "Safety": "false",
    "Debug": "false",
    "AntiAim": "true",
    "Cleaner": "false",
    "Speed": "true",
    "Reach": "false",
    "HoleFiller": "true",
    "LegSwitch": "true",
    "Blink": "false",
    "MobOwner": "true",
    "FastPlace": "false",
    "Trajectories": "true",
    "Management": "false",
    "Snowballer": "true",
    "NCPTweaks": "false",
    "Velocity": "false",
    "CameraClip": "true",
    "AntiPotion": "true",
    "Weather": "true",
    "Amount-Color": "None",
    "Timer": "false",
    "BedBomb": "true",
    "HandChams": "true",
    "CrystalChams": "true",
    "Freecam": "false",
    "SkinBlink": "true",
    "LogoutSpots": "true",
    "PingBypass": "false"
  },
  "Safety": {
    "1.13+": "false",
    "Enabled": "false",
    "Delay": "25",
    "Name": "Safety",
    "BedCheck": "false",
    "2x1s": "true",
    "1.13-Entities": "false",
    "MaxDamage": "4.0",
    "Updates": "Tick",
    "Terrain": "false",
    "Toggle": "Normal",
    "Anvils": "false",
    "Hidden": "Visible",
    "2x2s": "true",
    "Post-Calc": "false",
    "CacheAttributes": "true"
  },
  "Server": {
    "Connections": "50",
    "Toggle": "Normal",
    "Mode": "Client",
    "IP": "127.0.0.1",
    "Port": "0",
    "Hidden": "Visible",
    "Enabled": "true",
    "Sync": "false",
    "ClientMessages": "false",
    "Name": "101000"
  },
  "Tab": {
    "Pause": "true",
    "Toggle": "Normal",
    "Hidden": "Visible",
    "Enabled": "false",
    "Silent": "true",
    "Name": "Tab"
  },
  "Media": {
    "List-Type": "WhiteList",
    "Reload": "false",
    "Toggle": "Normal",
    "Hidden": "Visible",
    "Enabled": "false",
    "Replacement": "asd",
    "Custom": "false",
    "Add_Media": "\u003c...\u003e",
    "Name": "Media"
  },
  "HudEditor": {
    "Toggle": "Normal",
    "Hidden": "Hidden",
    "Enabled": "false",
    "Name": "HudEditor"
  },
  "AntiSurround": {
    "AntiWeakness": "false",
    "Fast-Helping": "Fast",
    "ItemDeathTime": "100",
    "1.13+": "false",
    "Cooldown": "0",
    "Cooldown-Bypass": "None",
    "Confirm": "100",
    "Delay": "25",
    "Name": "AntiSurround",
    "Blocks/Place": "4",
    "Smart-Sneak": "false",
    "1.13-Entities": "false",
    "Raytrace": "Fast",
    "Toggle": "Normal",
    "Swing": "false",
    "PlaceSwing": "Always",
    "Hidden": "Visible",
    "PreCrystal": "false",
    "Packet": "true",
    "StackPacket": "false",
    "ESP": "true",
    "BreakDelay": "50",
    "Instant": "false",
    "Color": "4BFFFFFF-false-false-false-100.0-100.0-100.0",
    "Blocking": "Strict",
    "Enabled": "false",
    "Persistent": "true",
    "Outline": "F0FFFFFF-false-false-false-100.0-100.0-100.0",
    "OnGround": "true",
    "Anvil": "false",
    "Range": "5.25",
    "Normal": "true",
    "Rotations": "None",
    "Asnyc": "false",
    "Obby": "false",
    "Pop": "Time",
    "MinDamage": "5.0",
    "DigSwing": "false",
    "HoldingPickaxe": "false",
    "Pop-Time": "500",
    "LineWidth": "1.5",
    "ESP-Height": "1.0"
  },
  "AntiTrap": {
    "AntiWeakness": "false",
    "Fast-Helping": "Fast",
    "Attack-Range": "6.0",
    "HighFill": "false",
    "Cooldown": "500",
    "TimeOut": "400",
    "Cooldown-Bypass": "None",
    "Confirm": "250",
    "Delay": "25",
    "Name": "AntiTrap",
    "Blocks/Place": "4",
    "Smart-Sneak": "false",
    "Empty": "true",
    "Raytrace": "Fast",
    "Offhand": "false",
    "Toggle": "Normal",
    "Swing": "false",
    "PlaceSwing": "Always",
    "Auto-Off": "true",
    "Hidden": "Visible",
    "Attack-Trace": "3.0",
    "Packet": "true",
    "StackPacket": "false",
    "BreakDelay": "250",
    "Mode": "Crystal",
    "Blocking": "Strict",
    "Enabled": "false",
    "Attack": "false",
    "Rotations": "None",
    "Pop": "None",
    "Attack-Any": "false",
    "Pop-Time": "500"
  },
  "Auto32k": {
    "ExtraRotation": "false",
    "Rotate": "false",
    "AutoSwitch": "false",
    "CheckState": "true",
    "SecretClose": "false",
    "Name": "Auto32k",
    "Blocks/Place": "1",
    "CheckShulker": "true",
    "UseObby": "false",
    "CheckDelay": "500",
    "Raytrace": "false",
    "Toggle": "Normal",
    "Swing": "false",
    "Mine": "false",
    "Simulate": "true",
    "UseHoppers": "false",
    "Hidden": "Visible",
    "PlaceRange": "4.5",
    "Packet": "false",
    "Messages": "false",
    "HopperRange": "8.0",
    "TargetRange": "6.0",
    "Mode": "NORMAL",
    "AntiHopper": "false",
    "Enabled": "false",
    "Actions/Place": "1",
    "Drop": "false",
    "32kSlot": "0",
    "Delay/Place": "25",
    "SwitchOnFail": "true",
    "DispExtra": "false",
    "Freecam": "false",
    "WithBind": "false",
    "Place": "CLOSE",
    "CloseGui": "false"
  },
  "AnvilAura": {
    "AntiWeakness": "false",
    "Fast-Helping": "Fast",
    "HelpingBlocks": "6",
    "Attack-Range": "6.0",
    "HoldingAnvil": "false",
    "CrystalDelay": "500",
    "Cooldown": "500",
    "Cooldown-Bypass": "None",
    "Confirm": "100",
    "Mine-ESP": "true",
    "Delay": "500",
    "Name": "AnvilAura",
    "RenderBest": "false",
    "Blocks/Place": "4",
    "Smart-Sneak": "false",
    "Raytrace": "Fast",
    "Toggle": "Normal",
    "Swing": "false",
    "PlaceSwing": "Always",
    "Hidden": "Visible",
    "Trap-Helping": "2",
    "Mine-Time": "250",
    "Attack-Trace": "3.0",
    "Packet": "true",
    "StackPacket": "false",
    "BreakDelay": "250",
    "Fast-Delay": "0",
    "PressurePass": "false",
    "Mode": "Mine",
    "Blocking": "Strict",
    "Enabled": "false",
    "Trap": "true",
    "Box": "9B646464-false-false-false-100.0-100.0-100.0",
    "Outline": "00000000-false-false-false-100.0-100.0-100.0",
    "Attack": "false",
    "CheckFalling": "true",
    "Range": "5.25",
    "PressureFalling": "false",
    "Rotations": "None",
    "Pop": "None",
    "Attack-Any": "false",
    "Mine-Range": "6.0",
    "Y-Offset": "3",
    "Pop-Time": "500",
    "LineWidth": "1.5",
    "ConfirmMine": "true",
    "Crystal": "false"
  },
  "AutoArmor": {
    "1.13+": "false",
    "CurseOfBinding": "false",
    "Helmet%": "1",
    "Put-Back": "false",
    "Safe": "true",
    "Delay": "0",
    "Name": "AutoArmor",
    "BedCheck": "false",
    "1.13-Entities": "false",
    "CheckDelay": "250",
    "Boots%": "1",
    "Drag-Mend": "false",
    "Toggle": "Normal",
    "DesyncDelay": "2500",
    "PropertyDelay": "500",
    "Hidden": "Hidden",
    "Chest%": "1",
    "NoDuraDesync": "true",
    "Fast": "true",
    "Legs%": "1",
    "NoDesync": "false",
    "TakeOff-Loot": "false",
    "AutoMend": "true",
    "Mode": "Blast",
    "Closest": "12.0",
    "Enabled": "true",
    "MaxDmg": "1.5",
    "Prio-Low": "true",
    "Prio-Threshold": "40.0",
    "Remove-Time": "250",
    "Waste-Loot": "false",
    "Illegal-Sync": "false",
    "Double-Clicks": "false",
    "CheckScreen": "true"
  },
  "AutoCrystal": {
    "Danger-Health": "0.0",
    "Water": "true",
    "Render": "true",
    "MineBypass": "None",
    "FallBack": "false",
    "Async-Calc": "true",
    "Force-AntiTotem": "false",
    "Obby-Fallback": "false",
    "LiquidRotate": "None",
    "Obby-Rotate": "None",
    "PlaceSwing": "Post",
    "FocusExponent": "0.0",
    "Instant": "true",
    "AntiFriendPop": "None",
    "MinDamage": "7.07",
    "ExplosionThread": "true",
    "TotemSync": "true",
    "Smart-Post": "true",
    "God-AntiTotem": "false",
    "BreakTrace": "3.0",
    "Pseudo-Dead": "true",
    "SlowPlaceDelay": "0",
    "MotionThread": "true",
    "SetDead": "true",
    "Suicide": "true",
    "PlaceCooldown": "0",
    "SwitchBack": "true",
    "Force-Place": "5",
    "TerrainCalc": "true",
    "ManualDelay": "0",
    "ObbyCalc": "0",
    "LateBreakThread": "true",
    "BreakRange": "6.0",
    "TargetRange": "10.85",
    "RotationThread": "Cancel",
    "Enabled": "false",
    "MaxCancel": "10",
    "InterruptSpeedmine": "false",
    "MultiThread": "true",
    "MultiPlace-Calc": "false",
    "TickThreshold": "20",
    "Pre-CalcDamage": "0.0",
    "Place": "true",
    "CooldownBypass": "None",
    "BreakSwing": "Post",
    "Page": "Render",
    "Fade-Time": "50",
    "Name": "AutoCrystal",
    "BreakExtrapolation": "0",
    "Partial": "0.8",
    "CoolDown": "0",
    "PickaxeOnly": "false",
    "SurroundSync": "true",
    "FocusDiff": "0.0",
    "Tool-Check": "true",
    "PlaceRange": "6.0",
    "AsyncServerThread": "true",
    "LiquidDelay": "0",
    "Obsidian": "true",
    "Pre-Calc": "Damage",
    "Instant-Dead": "true",
    "Sponges": "false",
    "Obby-MinDamage": "7.0",
    "BlockChangeThread": "true",
    "UseAsOffHandBind": "false",
    "SlowBreak": "1.49",
    "LiquidObby": "false",
    "Efficient": "true",
    "PreSpawn": "20",
    "FallBackDmg": "3.0",
    "MainHand": "true",
    "Full-Extrapolation": "false",
    "Fade": "true",
    "MaxSelfBreak": "7.0",
    "AntiWeakness": "Switch",
    "MaxEarlyThread": "1",
    "Danger-Speed": "false",
    "PlaceTrace": "3.06",
    "ID-Packets": "1",
    "Inside": "true",
    "Pre-SyncCheck": "false",
    "SetAir": "false",
    "DamageMode": "Normal",
    "Toggle": "Normal",
    "End-Rotations": "250",
    "Instant-Offhand": "false",
    "SyncDelay": "500",
    "SoundThread": "true",
    "TraceWidth": "-1.0",
    "Simulate-Place": "0",
    "BreakDelay": "0",
    "Danger-Force": "false",
    "IndicatorColor": "FFE30EFF-false-false-false-100.0-100.0-100.0",
    "ObsidianBypass": "None",
    "PickAxe-Hold": "false",
    "PingBypass": "false",
    "HelpingBlocks": "2",
    "Fallback-Difference": "10.0",
    "SimulateExplosion": "false",
    "Break": "true",
    "AntiWeaknessBypass": "None",
    "Y-Calc": "false",
    "1.13-Entities": "false",
    "Holding-Check": "true",
    "MinBreakDmg": "7.0",
    "MultiPlace": "1",
    "Hidden": "Visible",
    "Min-FP": "1.65",
    "BlockDestroyThread": "true",
    "Obby-Terrain": "true",
    "MultiPlace-MinDmg": "false",
    "Lava": "true",
    "ID-Delay": "0",
    "AntiTotem": "false",
    "Fallback-Trace": "false",
    "DamageRender": "None",
    "Max-Difference": "1",
    "Motion-Calc": "false",
    "Realtime": "true",
    "God-Swing": "Once",
    "Render-Time": "600",
    "Force-Break": "0",
    "Fast-Obby": "0",
    "SlowBreakDelay": "250",
    "Rotate": "None",
    "OverrideBreak": "true",
    "AW-Instant": "true",
    "Rotations-Existed": "0",
    "FocusRotationCompare": "false",
    "AntiNaked": "false",
    "Min-Offset": "0.2",
    "SpawnThread": "true",
    "Target": "Damage",
    "SelfExtrapolation": "false",
    "Attempts": "0",
    "MaxSelfPlace": "6.0",
    "Focus-Rotations": "false",
    "Existed": "0",
    "Outline": "FFA10AEA-false-false-false-100.0-100.0-100.0",
    "Rotate-Mode": "Normal",
    "MinRotationDiff": "0.0",
    "Remove-Time": "25",
    "EntityThread": "true",
    "Obby-Raytrace": "Fast",
    "Client-Blocks": "false",
    "Discrete-Sync": "false",
    "Totem-Health": "2.0",
    "Pop-Damage": "12.0",
    "Death-Time": "0",
    "ThreadDelay": "0",
    "Always-Calc": "true",
    "OverridePlace": "true",
    "Break-Angle": "180.0",
    "FacePlace": "4.68",
    "Max-DamageDiff": "0.0",
    "Interact": "true",
    "Smart-Trace": "false",
    "Place-Angle": "180.0",
    "Danger-Sync": "false",
    "HoldFacePlace": "true",
    "IgnoreLavaItems": "false",
    "DestroyThread": "true",
    "BreakHand": "None",
    "Priority": "2147483647",
    "PlaceDelay": "0",
    "Box": "B8D715F0-false-false-false-100.0-100.0-100.0",
    "Range": "12.0",
    "Obby-Swing": "Once",
    "Ping-Existed": "false",
    "Obby-PreSelf": "true",
    "Break-Confirm": "250",
    "Manually": "false",
    "LiquidRayTrace": "false",
    "ObbyHand": "None",
    "Draw-Box": "true",
    "Wait": "2",
    "MultiTask": "true",
    "ClearPost": "true",
    "1.13+": "false",
    "ObbyDelay": "0",
    "Spectator": "false",
    "Absorb": "false",
    "PlaceHand": "None",
    "AutoSwitch": "Always",
    "Place-Confirm": "250",
    "SlowPlace": "0.1",
    "DamageSync": "false",
    "ID-Offset": "1",
    "CombinedTrace": "3.0",
    "FeetBuffer": "0",
    "Packets": "1",
    "PlaceExtrapolation": "0",
    "Height": "0.05",
    "Place-Height": "1.0",
    "ArmorPlace": "0.0",
    "Obby-Switch": "true",
    "AntiFeetPlace": "false",
    "Force-Slow": "false",
    "Attack": "Always",
    "ID-Predict": "false",
    "EarlyFeetThread": "true",
    "Sync-Force": "true",
    "Smooth-Speed": "0.5",
    "RotationExponent": "0.0",
    "SoundRemove": "true",
    "ObbySafety": "false",
    "RequireOnGround": "true",
    "ServerThread": "true",
    "Max-Offset": "0.2"
  },
  "AutoTrap": {
    "AntiWeakness": "false",
    "Fast-Helping": "Fast",
    "Attack-Range": "6.0",
    "Platform": "false",
    "Cooldown": "500",
    "Cooldown-Bypass": "None",
    "Confirm": "100",
    "Delay": "25",
    "Name": "AutoTrap",
    "NoStep": "false",
    "Blocks/Place": "4",
    "Smart-Sneak": "false",
    "Target": "Closest",
    "Raytrace": "Fast",
    "Upper-FP": "false",
    "Toggle": "Normal",
    "Swing": "false",
    "PlaceSwing": "Always",
    "Hidden": "Visible",
    "FreeCam": "false",
    "NoScaffold": "false",
    "Attack-Trace": "3.0",
    "Packet": "true",
    "Legs": "false",
    "Speed": "19.0",
    "Helping": "false",
    "StackPacket": "false",
    "BreakDelay": "250",
    "NoDrop": "false",
    "SmartTop": "true",
    "Blocking": "Full",
    "Enabled": "false",
    "Attack": "false",
    "BigExtend": "false",
    "Range": "6.0",
    "Rotations": "None",
    "Pop": "None",
    "Attack-Any": "false",
    "UpperBody": "true",
    "NoScaffold+": "false",
    "Top": "true",
    "Extend": "2",
    "Pop-Time": "500"
  },
  "BedBomb": {
    "Rotate": "false",
    "Breakdelay": "50",
    "Break": "true",
    "TableRange": "6.0",
    "InsanePacket": "false",
    "Placedelay": "50",
    "RemoveTiles": "false",
    "Suicide": "false",
    "Name": "BedBomb",
    "CraftTable": "false",
    "Toggle": "Normal",
    "1.15": "false",
    "Hidden": "Visible",
    "Logic": "BREAKPLACE",
    "BreakRange": "6.0",
    "PlaceRange": "6.0",
    "Packet": "false",
    "Craft": "false",
    "TableSlot": "8",
    "Enabled": "false",
    "BreakMode": "ALL",
    "Range": "10.0",
    "MinDamage": "5.0",
    "PlaceTable": "false",
    "CraftDelay": "4",
    "OpenTable": "false",
    "Place": "false"
  },
  "BowSpam": {
    "Rape": "false",
    "Toggle": "Normal",
    "TPS-Sync": "true",
    "Hidden": "Visible",
    "Enabled": "false",
    "BowBomb": "false",
    "Delay": "10",
    "Name": "BowSpam"
  },
  "Criticals": {
    "NoDesync": "true",
    "Toggle": "Normal",
    "Mode": "Packet",
    "Hidden": "Hidden",
    "Enabled": "true",
    "Delay": "250",
    "Name": "Criticals"
  },
  "CrystalBomber": {
    "Rotate": "false",
    "Cooldown": "0",
    "Mode": "Normal",
    "Enabled": "false",
    "EnemyRange": "6.0",
    "Range": "6.0",
    "Delay": "0",
    "Name": "CrystalBomber",
    "ToggleAt": "8.0",
    "Smart-Sneak": "true",
    "Bypass": "false",
    "Toggle": "Normal",
    "Hidden": "Visible",
    "AirCheck": "false",
    "ReCheckCrystal": "false"
  },
  "BowKiller": {
    "Prio-Enemies": "true",
    "Entity": "false",
    "WallRange": "10.0",
    "Rotate": "true",
    "Name": "BowKiller",
    "Vehicles": "false",
    "Runs": "8",
    "Boss": "false",
    "Target": "Closest",
    "Target-Range": "30.0",
    "Move": "false",
    "Armor": "0",
    "Toggle": "Normal",
    "Hidden": "Visible",
    "VisCheck": "true",
    "Height": "1.0",
    "Players": "true",
    "Buffer": "10",
    "Opp-Spotted": "false",
    "Blink": "true",
    "Enabled": "false",
    "Silent": "true",
    "Teleports": "0",
    "Range": "15.0",
    "Soft": "180.0",
    "Animals": "false",
    "CancelRotate": "false",
    "Monsters": "false",
    "Always": "false",
    "Static": "true",
    "Other": "false",
    "Interval": "25"
  },
  "HoleFiller": {
    "AntiWeakness": "false",
    "Fast-Helping": "Fast",
    "Attack-Range": "6.0",
    "Cooldown": "0",
    "Cooldown-Bypass": "None",
    "Confirm": "0",
    "Delay": "0",
    "Name": "HoleFiller",
    "Blocks/Place": "5",
    "Smart-Sneak": "false",
    "Target-Range": "6.0",
    "Raytrace": "Fast",
    "RequireTarget": "true",
    "Toggle": "Normal",
    "Swing": "true",
    "PlaceSwing": "Always",
    "Min-Self": "0.0",
    "Hidden": "Visible",
    "Safety": "true",
    "Disable": "0",
    "Attack-Trace": "3.0",
    "2x2s": "true",
    "Packet": "false",
    "StackPacket": "false",
    "BreakDelay": "0",
    "Target-Block": "3.0",
    "Blocking": "NoPacketFly",
    "Enabled": "false",
    "Attack": "true",
    "Range": "6.0",
    "Rotations": "None",
    "Pop": "None",
    "2x1s": "true",
    "Attack-Any": "true",
    "WaitForHoleLeave": "true",
    "CalcDelay": "0",
    "Pop-Time": "0"
  },
  "KillAura": {
    "Entity": "false",
    "Fast-32ks": "true",
    "WallRange": "3.12",
    "Enemies": "true",
    "Rotate": "false",
    "Move-Teleport": "false",
    "While-Eating": "true",
    "Cooldown": "0",
    "CPS": "20.0",
    "AutoSwitch": "Keep",
    "Teleport": "None",
    "Delay": "true",
    "Name": "KillAura",
    "Vehicles": "false",
    "Boss": "false",
    "Target": "Closest",
    "Target-Range": "10.0",
    "TP-Info": "false",
    "NoEntityEquipment": "false",
    "Armor": "0",
    "Multi-32k": "false",
    "Packets": "0",
    "Toggle": "Normal",
    "Swing": "Full",
    "Hidden": "Visible",
    "Height": "1.0",
    "TP-Range": "0.0",
    "Stay": "false",
    "Players": "true",
    "Rotation-Ticks": "0",
    "AutoBlock": "true",
    "Health": "0.0",
    "Y-Teleport": "false",
    "TPS-Sync": "true",
    "Enabled": "true",
    "Hold-Mouse": "false",
    "Release-Sprint": "true",
    "Range": "6.0",
    "Soft": "180.0",
    "Riding-Teleports": "false",
    "Animals": "false",
    "Sword/Axe": "true",
    "Release-Sneak": "true",
    "Passengers": "false",
    "Monsters": "false",
    "Efficient": "true",
    "Other": "false"
  },
  "LegSwitch": {
    "AntiWeakness": "false",
    "HelpingBlocks": "1",
    "BreakTrace": "3.0",
    "Rotate": "None",
    "1.13+": "false",
    "PlaceTrace": "6.0",
    "SetDead": "false",
    "AutoSwitch": "None",
    "SoundStart": "false",
    "Delay": "500",
    "Name": "LegSwitch",
    "CombinedTrace": "3.0",
    "1.13-Entities": "false",
    "Target-Range": "10.0",
    "Raytrace": "Fast",
    "CoolDown": "0",
    "NormalRotate": "false",
    "Toggle": "Normal",
    "Obby-Rotate": "None",
    "Hidden": "Visible",
    "Add_Block": "\u003c...\u003e",
    "BreakRange": "6.0",
    "PlaceRange": "6.0",
    "BlockStart": "false",
    "ObbySwing": "Once",
    "List-Type": "BlackList",
    "Closest": "true",
    "Instant": "true",
    "Rotation-Packet": "false",
    "Obsidian": "false",
    "Enabled": "false",
    "Mid": "false",
    "SetBlockState": "false",
    "MinDamage": "7.0",
    "MaxSelfDamage": "4.0",
    "SoundRemove": "true"
  },
  "Offhand": {
    "CrystalsIfNoTotem": "false",
    "NoDoubleGapple": "false",
    "Health": "16.2",
    "Crystal-Totem": "true",
    "TimeOut": "10",
    "NoMove": "false",
    "Enabled": "true",
    "CrystalCheck": "true",
    "DoubleGappleToCrystal": "false",
    "Async-Check": "100",
    "SafeHealth": "5.4",
    "Delay": "0",
    "Name": "Offhand",
    "Totem-Hotbar": "false",
    "DoubleClicks": "false",
    "HUDMode": "Info",
    "Toggle": "Normal",
    "CancelActive": "false",
    "RecoverSwitch": "false",
    "Hidden": "Visible",
    "Sword-Gapple": "true",
    "AntiPlace": "true",
    "CancelActions": "false",
    "Async-Totem": "false"
  },
  "PistonAura": {
    "BreakTrace": "3.0",
    "DestroyEntities": "false",
    "MultiChange": "false",
    "1.13+": "false",
    "PlaceTrace": "4.5",
    "Cooldown": "500",
    "Cooldown-Bypass": "None",
    "MultiDirectional": "false",
    "Break": "true",
    "Confirm": "250",
    "Suicide": "false",
    "Delay": "0",
    "NextPhase": "1000",
    "Name": "PistonAura",
    "Blocks/Place": "4",
    "Smart-Sneak": "false",
    "Target": "Calc",
    "Raytrace": "Fast",
    "Toggle": "Normal",
    "Swing": "false",
    "PlaceSwing": "Always",
    "Hidden": "Visible",
    "BreakRange": "4.5",
    "Packet": "false",
    "PlaceRange": "4.5",
    "StackPacket": "false",
    "BreakDelay": "50",
    "Instant": "true",
    "Blocking": "Strict",
    "Enabled": "false",
    "Explosions": "true",
    "Change": "false",
    "Rotations": "Normal"
  },
  "Surround": {
    "Fast-Helping": "Fast",
    "Predict": "false",
    "Cooldown-Bypass": "None",
    "Center-Y": "false",
    "Delay": "50",
    "Name": "Surround",
    "NoTrapBlock": "false",
    "Raytrace": "Fast",
    "Async": "false",
    "Swing": "true",
    "PlaceSwing": "Always",
    "Hidden": "Visible",
    "E-Delay": "100",
    "Packet": "false",
    "StackPacket": "false",
    "NoSelfExtend": "false",
    "Instant": "true",
    "Sound": "true",
    "Pop": "None",
    "Attack-Any": "false",
    "Extend": "1",
    "Hole-C": "false",
    "AntiWeakness": "false",
    "Attack-Range": "6.0",
    "1.13+": "false",
    "Cooldown": "0",
    "Delta-Y": "true",
    "Blocks/Place": "4",
    "Smart-Sneak": "true",
    "Toggle": "Normal",
    "Resync": "false",
    "Burrow": "false",
    "Attack-Trace": "3.0",
    "Speed": "19.5",
    "Floor": "false",
    "Center": "true",
    "Movement": "Static",
    "PlayerExtend": "0",
    "BreakDelay": "0",
    "MultiTrap": "false",
    "Blocking": "All",
    "Enabled": "false",
    "TrapExtend": "false",
    "Attack": "false",
    "PE-NoTrap": "false",
    "Crystal-Check": "true",
    "Rotations": "None",
    "NoTrap": "false",
    "Freecam": "Self",
    "Pop-Time": "500"
  },
  "Snowballer": {
    "Swap": "true",
    "Toggle": "Normal",
    "Hidden": "Visible",
    "Enabled": "false",
    "Blacklist": "true",
    "Range": "6.0",
    "SwapBack": "true",
    "Delay": "50",
    "Name": "Snowballer"
  },
  "SelfTrap": {
    "AntiWeakness": "false",
    "Fast-Helping": "Fast",
    "HelpingBlocks": "4",
    "Attack-Range": "6.0",
    "Cooldown": "500",
    "Cooldown-Bypass": "None",
    "Prio-Behind": "true",
    "Confirm": "100",
    "Delay": "25",
    "Name": "SelfTrap",
    "Blocks/Place": "4",
    "Smart-Sneak": "false",
    "Raytrace": "Fast",
    "Toggle": "Normal",
    "Swing": "false",
    "PlaceSwing": "Always",
    "Auto-Off": "true",
    "Hidden": "Visible",
    "Attack-Trace": "3.0",
    "Packet": "true",
    "PlaceRange": "6.0",
    "StackPacket": "false",
    "BreakDelay": "250",
    "Smart-Off": "true",
    "Mode": "Obsidian",
    "Blocking": "Strict",
    "Enabled": "false",
    "Attack": "false",
    "Smart": "false",
    "Rotations": "None",
    "Pop": "None",
    "Attack-Any": "false",
    "SmartRange": "6.0",
    "Pop-Time": "500"
  },
  "WebAura": {
    "AntiWeakness": "false",
    "Fast-Helping": "Fast",
    "Packet": "true",
    "PlaceRange": "6.0",
    "StackPacket": "false",
    "Attack-Range": "6.0",
    "Cooldown-Bypass": "None",
    "Enabled": "false",
    "Confirm": "100",
    "Delay": "25",
    "Rotations": "None",
    "Name": "WebAura",
    "Blocks/Place": "4",
    "Smart-Sneak": "false",
    "Attack-Any": "false",
    "Target": "Closest",
    "Target-Range": "6.0",
    "Raytrace": "Fast",
    "Toggle": "Normal",
    "Swing": "false",
    "PlaceSwing": "Always",
    "Hidden": "Visible",
    "AntiSelfWeb": "true",
    "Attack-Trace": "3.0"
  },
  "Announcer": {
    "Friends": "false",
    "Enabled": "false",
    "Join": "true",
    "Leave": "true",
    "ArrowMiss": "false",
    "Delay": "8.4",
    "Name": "Announcer",
    "Refresh": "false",
    "Random": "false",
    "GreenText": "true",
    "AutoEZ": "false",
    "Toggle": "Normal",
    "Mine": "false",
    "Hidden": "Visible",
    "Eat": "false",
    "Totems": "false",
    "MinDistance": "10.0",
    "Distance": "false",
    "Place": "false",
    "AntiKick": "false"
  },
  "AntiAim": {
    "Mode": "Spin",
    "Enabled": "false",
    "Yaw": "0.0",
    "Name": "AntiAim",
    "Sneak": "false",
    "H-Speed": "10.0",
    "Sneak-Delay": "500",
    "Strict": "true",
    "Toggle": "Normal",
    "V-Speed": "10.0",
    "Pitch": "0.0",
    "Skip": "1",
    "Hidden": "Visible"
  },
  "AntiPackets": {
    "SUnloadChunk": "false",
    "CChatMessage": "false",
    "CTabComplete": "false",
    "SPackets": "1",
    "SSpawnExperienceOrb": "false",
    "SEntity-S16PacketEntityLook": "false",
    "SSetExperience": "false",
    "CConfirmTeleport": "false",
    "SCustomPayload": "false",
    "SDestroyEntities": "false",
    "CHeldItemChange": "false",
    "CPlayer-Rotation": "false",
    "SSelectAdvancementsTab": "false",
    "Unknown": "false",
    "Hidden": "Visible",
    "SPlayerPosLook": "false",
    "SChangeGameState": "false",
    "SWindowProperty": "false",
    "CPackets": "1",
    "CConfirmTransaction": "false",
    "SExplosion": "false",
    "SEntityEffect": "false",
    "SEntityVelocity": "false",
    "SMultiBlockChange": "false",
    "SSetSlot": "false",
    "SAdvancementInfo": "false",
    "CClientStatus": "false",
    "SResourcePackSend": "false",
    "CCustomPayload": "false",
    "SServerDifficulty": "false",
    "SSoundEffect": "false",
    "SScoreboardObjective": "false",
    "CPlayerDigging": "false",
    "SMaps": "false",
    "SCloseWindow": "false",
    "SEnableCompression": "false",
    "CPlaceRecipe": "false",
    "CRecipeInfo": "false",
    "SEntity-S17PacketEntityLookMove": "false",
    "SEntityMetadata": "false",
    "STabComplete": "false",
    "STeams": "false",
    "SKeepAlive": "false",
    "SServerInfo": "false",
    "SPong": "false",
    "SHeldItemChange": "false",
    "SCombatEvent": "false",
    "Enabled": "false",
    "SParticles": "false",
    "CClickWindow": "false",
    "CPlayer-PositionRotation": "false",
    "SOpenWindow": "false",
    "C00Handshake": "false",
    "SCollectItem": "false",
    "CPlayerAbilities": "false",
    "SChunkData": "false",
    "SStatistics": "false",
    "CPing": "false",
    "SWorldBorder": "false",
    "Page": "CPackets",
    "SSpawnObject": "false",
    "SSpawnPosition": "false",
    "SBlockChange": "false",
    "SEntityTeleport": "false",
    "Name": "AntiPackets",
    "CKeepAlive": "false",
    "SSpawnPainting": "false",
    "SSpawnGlobalEntity": "false",
    "SUseBed": "false",
    "SConfirmTransaction": "false",
    "CSpectate": "false",
    "SPlayerListItem": "false",
    "SAnimation": "false",
    "SCooldown": "false",
    "SEntityAttach": "false",
    "CVehicleMove": "false",
    "SRemoveEntityEffect": "false",
    "CCloseWindow": "false",
    "CSteerBoat": "false",
    "SEntity-S15PacketEntityRelMove": "false",
    "SEntityHeadLook": "false",
    "CPlayerTryUseItemOnBlock": "false",
    "SCustomSound": "false",
    "SEntityStatus": "false",
    "SSetPassengers": "false",
    "SWindowItems": "false",
    "SSignEditorOpen": "false",
    "SRecipeBook": "false",
    "STitle": "false",
    "CUseEntity": "false",
    "SDisplayObjective": "false",
    "CResourcePackStatus": "false",
    "CSeenAdvancements": "false",
    "CPlayer-Position": "false",
    "SEntity": "false",
    "CPlayerTryUseItem": "false",
    "CUpdateSign": "false",
    "STimeUpdate": "false",
    "CLoginStart": "false",
    "SEncryptionRequest": "false",
    "SSpawnMob": "false",
    "CInput": "false",
    "SBlockAction": "false",
    "CEncryptionResponse": "false",
    "SUpdateTileEntity": "false",
    "CEnchantItem": "false",
    "CAnimation": "false",
    "SUpdateBossInfo": "false",
    "SUpdateScore": "false",
    "Toggle": "Normal",
    "SPlayerAbilities": "false",
    "SJoinGame": "false",
    "SPlayerListHeaderFooter": "false",
    "SDisconnect": "false",
    "SCamera": "false",
    "SBlockBreakAnim": "false",
    "CPlayer": "false",
    "SLoginSuccess": "false",
    "SSpawnPlayer": "false",
    "SUpdateHealth": "false",
    "CEntityAction": "false",
    "CServerQuery": "false",
    "SEntityEquipment": "false",
    "SMoveVehicle": "false",
    "SPlaceGhostRecipe": "false",
    "SEffect": "false",
    "CClientSettings": "false",
    "SEntityProperties": "false",
    "SRespawn": "false",
    "SChat": "false",
    "CCreativeInventoryAction": "false"
  },
  "AntiPotion": {
    "Fire Resistance": "false",
    "Levitation": "true",
    "Name": "AntiPotion",
    "Haste": "false",
    "Hunger": "false",
    "Absorption": "false",
    "Instant Damage": "false",
    "Water Breathing": "false",
    "Weakness": "false",
    "Toggle": "Normal",
    "Mining Fatigue": "false",
    "Hidden": "Visible",
    "Wither": "false",
    "Speed": "false",
    "Instant Health": "false",
    "Night Vision": "false",
    "Saturation": "false",
    "Enabled": "false",
    "Nausea": "false",
    "Glowing": "false",
    "Resistance": "false",
    "Regeneration": "false",
    "Slowness": "false",
    "Invisibility": "false",
    "Luck": "false",
    "Blindness": "false",
    "Poison": "false",
    "Bad Luck": "false",
    "Health Boost": "false",
    "Jump Boost": "false",
    "Strength": "false"
  },
  "AntiVanish": {
    "Toggle": "Normal",
    "Hidden": "Visible",
    "Enabled": "false",
    "Name": "AntiVanish"
  },
  "AutoEat": {
    "Health": "false",
    "CalcWithAbsorption": "true",
    "Enabled": "false",
    "AbsorptionAmount": "0.0",
    "Name": "AutoEat",
    "Unsafe-Health": "19.0",
    "Hunger": "19.0",
    "Absorption": "false",
    "Toggle": "Normal",
    "Enemy-Range": "0.0",
    "Hidden": "Visible",
    "Safe-Health": "19.0",
    "Always": "false"
  },
  "AutoFish": {
    "OpenInventory": "true",
    "SoundRange": "2.0",
    "Toggle": "Normal",
    "Hidden": "Visible",
    "Enabled": "false",
    "Delay": "15.0",
    "Name": "AutoFish"
  },
  "AutoLog": {
    "Absorption": "false",
    "Health": "5.0",
    "Toggle": "Normal",
    "Enemy": "12.0",
    "Hidden": "Visible",
    "Enabled": "false",
    "Totems": "0",
    "Name": "AutoLog"
  },
  "AutoReconnect": {
    "Toggle": "Normal",
    "Hidden": "Visible",
    "Enabled": "false",
    "Delay": "5",
    "Name": "AutoReconnect"
  },
  "AutoRespawn": {
    "Toggle": "Normal",
    "Hidden": "Hidden",
    "Enabled": "false",
    "Coords": "false",
    "Name": "AutoRespawn"
  },
  "BuildHeight": {
    "Toggle": "Normal",
    "Hidden": "Hidden",
    "Enabled": "true",
    "Height": "255",
    "CrystalsOnly": "false",
    "Name": "BuildHeight"
  },
  "Chat": {
    "AntiScroll": "true",
    "AnimationTime": "200",
    "Log": "Normal",
    "Enabled": "true",
    "Clean": "false",
    "Name": "Chat",
    "TimeStamps": "true",
    "Clear": "false",
    "Q-Message": "/queue main",
    "Toggle": "Normal",
    "Animated": "true",
    "Q-Delay": "5000",
    "Infinite": "false",
    "Hidden": "Hidden",
    "AutoQMain": "false"
  },
  "ExtraTab": {
    "Download-Threads": "false",
    "Size": "250",
    "Toggle": "Normal",
    "Hidden": "Visible",
    "Enabled": "false",
    "Name": "ExtraTab"
  },
  "Logger": {
    "Deobfuscate": "true",
    "List-Type": "WhiteList",
    "Incoming": "true",
    "StackTrace": "false",
    "Mode": "Normal",
    "Enabled": "false",
    "Add_Packet": "\u003c...\u003e",
    "Outgoing": "true",
    "Info": "true",
    "Name": "Logger",
    "Filter": "false",
    "Toggle": "Normal",
    "Chat": "false",
    "Hidden": "Visible",
    "Static": "false"
  },
  "MCF": {
    "Toggle": "Normal",
    "Hidden": "Hidden",
    "Enabled": "true",
    "Name": "MCF"
  },
  "MobOwner": {
    "Toggle": "Normal",
    "Hidden": "Visible",
    "Enabled": "false",
    "Name": "MobOwner"
  },
  "NoAFK": {
    "Sneak": "true",
    "AutoReply": "false",
    "Rotate": "true",
    "Message": "I\u0027m AFK! This message was brought to you by 3arthh4ck.",
    "Toggle": "Normal",
    "Swing": "true",
    "Color": "LightPurple",
    "Hidden": "Visible",
    "Enabled": "false",
    "Reply": "/r ",
    "Indicator": " whispers: ",
    "Name": "NoAFK"
  },
  "NoHandShake": {
    "Toggle": "Normal",
    "Hidden": "Hidden",
    "Enabled": "true",
    "Name": "NoHandShake"
  },
  "NoInteract": {
    "Sneak": "true",
    "List-Type": "BlackList",
    "Toggle": "Normal",
    "Hidden": "Hidden",
    "Enabled": "false",
    "Add_Block": "\u003c...\u003e",
    "Name": "NoInteract"
  },
  "NoInterp": {
    "NoDeathJitter": "true",
    "Toggle": "Normal",
    "Fast-Rotations": "false",
    "Hidden": "Visible",
    "Enabled": "true",
    "Silent": "true",
    "OnlyPlayers": "false",
    "Name": "NoInterp"
  },
  "NoSoundLag": {
    "Sounds": "true",
    "Toggle": "Normal",
    "Crystals": "true",
    "Hidden": "Hidden",
    "Enabled": "true",
    "Name": "NoSoundLag"
  },
  "Nuker": {
    "Predict": "false",
    "Packet": "true",
    "Blocks/Attack": "1",
    "Nuke": "true",
    "Render": "true",
    "Color": "7DFFFFFF-false-false-false-100.0-100.0-100.0",
    "Enabled": "false",
    "Selection-H": "1",
    "Range": "6.0",
    "Rotations": "None",
    "Delay": "100",
    "Name": "Nuker",
    "Click-Delay": "25",
    "Shulkers": "false",
    "Hoppers": "false",
    "Toggle": "Normal",
    "Swing": "Packet",
    "Hidden": "Visible",
    "AutoTool": "true",
    "Selection-W": "1"
  },
  "Packets": {
    "Offhand-Crash": "0",
    "Cancel-EntityTeleport": "true",
    "BookCrash": "None",
    "Book-Length": "600",
    "Page": "Safe",
    "NoHandChange": "false",
    "Name": "Packets",
    "Async-Teleports": "false",
    "Mini-Teleports": "true",
    "Fast-Velocity": "true",
    "No-SizeKick": "false",
    "Cancel-Velocity": "true",
    "AntiBookBan": "false",
    "Fast-Destroy": "true",
    "Toggle": "Normal",
    "Fast-SetSlot": "false",
    "CC-Resources": "false",
    "Hidden": "Visible",
    "Fast-BlockStates": "false",
    "Fast-EntityTeleport": "true",
    "Fast-Collect": "false",
    "Enabled": "true",
    "Fast-Entity": "true",
    "Teleports": "true",
    "Book-Delay": "5",
    "Transactions": "true",
    "Fast-HeadLook": "false",
    "SoundRemove": "true",
    "Fast-Death": "true",
    "Safe-Headers": "true"
  },
  "PingSpoof": {
    "Transactions": "false",
    "KeepAlive": "true",
    "Toggle": "Normal",
    "Hidden": "Visible",
    "Enabled": "false",
    "Resources": "false",
    "Delay": "100",
    "Name": "PingSpoof"
  },
  "Portals": {
    "GodMode": "false",
    "Toggle": "Normal",
    "Chat": "true",
    "Hidden": "Hidden",
    "Enabled": "true",
    "Name": "Portals"
  },
  "SettingSpoof": {
    "Spoof-ChatColors": "false",
    "Spoof-Chat": "false",
    "ChatColors": "true",
    "Enabled": "false",
    "Spoof-Model": "false",
    "RenderDistance": "32",
    "Hand": "Right",
    "Spoof-RenderDistance": "false",
    "Name": "SettingSpoof",
    "Send": "true",
    "Spoof-Hand": "false",
    "Language": "en_us",
    "Toggle": "Normal",
    "Chat": "Full",
    "Model": "0",
    "Hidden": "Visible",
    "Spoof-Language": "false"
  },
  "SkinBlink": {
    "Random": "false",
    "Toggle": "Normal",
    "Hidden": "Visible",
    "Enabled": "false",
    "Delay": "1000",
    "Name": "SkinBlink"
  },
  "Spammer": {
    "Refresh": "false",
    "AutoOff": "false",
    "Random": "false",
    "GreenText": "false",
    "Toggle": "Normal",
    "Hidden": "Visible",
    "Enabled": "false",
    "Delay": "5",
    "Name": "Spammer",
    "AntiKick": "false"
  },
  "ToolTips": {
    "ShulkerSpy": "true",
    "Shulkers": "true",
    "Maps": "true",
    "Toggle": "Normal",
    "Own": "true",
    "Hidden": "Visible",
    "Enabled": "false",
    "Name": "ToolTips"
  },
  "TpsSync": {
    "Toggle": "Normal",
    "Mine": "false",
    "Hidden": "Visible",
    "Enabled": "false",
    "Attack": "false",
    "Name": "TpsSync"
  },
  "Tracker": {
    "Toggle": "Normal",
    "Auto-Enable": "false",
    "Hidden": "Visible",
    "Enabled": "false",
    "1v1-Only": "true",
    "Name": "Tracker"
  },
  "TrueDurability": {
    "Toggle": "Normal",
    "Hidden": "Visible",
    "Enabled": "true",
    "Name": "TrueDurability"
  },
  "AutoCraft": {
    "MoveTable": "false",
    "Packet": "true",
    "StackPacket": "false",
    "Cooldown-Bypass": "None",
    "Blocking": "Strict",
    "Enabled": "false",
    "TableRange": "6.0",
    "Delay": "50",
    "Rotations": "None",
    "Name": "AutoCraft",
    "Blocks/Place": "4",
    "Smart-Sneak": "false",
    "CraftTable": "false",
    "Raytrace": "Fast",
    "PlaceTable": "false",
    "Toggle": "Normal",
    "Swing": "false",
    "PlaceSwing": "Always",
    "Hidden": "Visible",
    "ClickDelay": "50"
  },
  "AutoRegear": {
    "AntiWeakness": "true",
    "Fast-Helping": "true",
    "Attack-Range": "true",
    "Cooldown": "true",
    "Cooldown-Bypass": "None",
    "Confirm": "true",
    "Delay": "50",
    "Name": "AutoRegear",
    "Blocks/Place": "4",
    "Smart-Sneak": "false",
    "Raytrace": "Fast",
    "Toggle": "Normal",
    "Swing": "false",
    "PlaceSwing": "Always",
    "Hidden": "Visible",
    "Attack-Trace": "true",
    "Packet": "true",
    "StackPacket": "false",
    "GrabShulker": "false",
    "PlaceShulker": "false",
    "BreakDelay": "true",
    "Blocking": "Strict",
    "Steal": "false",
    "Enabled": "false",
    "Attack": "true",
    "Range": "6.0",
    "Rotations": "None",
    "PlaceEchest": "false",
    "Pop": "true",
    "Attack-Any": "true",
    "Pop-Time": "true"
  },
  "PacketDelay": {
    "List-Type": "WhiteList",
    "Toggle": "Normal",
    "Hidden": "Visible",
    "Enabled": "false",
    "Add_Packet": "\u003c...\u003e",
    "Delay": "0",
    "Name": "PacketDelay"
  },
  "RPC": {
    "Details": "3arfH4ck :3",
    "ShowIP": "false",
    "SmallImageKey": "Da greatest",
    "State": "3arfH4ck :3",
    "Toggle": "Normal",
    "LargeImageKey": "earthhack",
    "Hidden": "Hidden",
    "Enabled": "true",
    "CustomDetails": "false",
    "Froggers": "true",
    "Name": "RPC"
  },
  "Sprint": {
    "Toggle": "Normal",
    "Mode": "Rage",
    "Hidden": "Visible",
    "Enabled": "true",
    "Name": "Sprint"
  },
  "BlockLag": {
    "AntiWeakness": "false",
    "Attack-Before": "false",
    "Rotate": "false",
    "Min-Down": "3.0",
    "Cooldown": "500",
    "Scale-Delay": "250",
    "Page": "Offsets",
    "NoVoid": "false",
    "Delta-Y": "true",
    "Instant-Attack": "false",
    "Delay": "100",
    "Name": "BlockLag",
    "Toggle": "Normal",
    "Max-Up": "10.0",
    "Hidden": "Visible",
    "Stage": "All",
    "SkipZero": "true",
    "V-Clip": "-9.0",
    "BypassOffset": "0.032",
    "E-Chest": "false",
    "HighBlock": "false",
    "Mode": "Smart",
    "Scale-Down": "false",
    "Enabled": "false",
    "Min-Up": "3.0",
    "Air": "false",
    "Anvil": "false",
    "OnGround": "true",
    "Attack": "false",
    "Scale-Explosion": "false",
    "Pop": "None",
    "Scale-Velocity": "false",
    "Evade": "false",
    "Allow-Up": "false",
    "Conflict": "true",
    "Bypass": "false",
    "PlaceDisable": "false",
    "Scale-Factor": "1.0",
    "Fallback": "true",
    "Beacon": "false",
    "Freecam": "false",
    "Discrete": "true",
    "Pop-Time": "500",
    "Max-Down": "10.0",
    "Wait": "true"
  },
  "BoatFly": {
    "NoPosUpdate": "false",
    "RemountPackets": "false",
    "Ticks": "2",
    "NoSteer": "false",
    "InvalidTicks": "1",
    "Enabled": "false",
    "Remount": "false",
    "Down-Speed": "2.0",
    "NoVehicleMove": "false",
    "Yaw": "false",
    "Name": "BoatFly",
    "NoForceRotate": "false",
    "Bypass": "false",
    "Packets": "1",
    "Toggle": "Normal",
    "NoForceBoatMove": "false",
    "Schedule": "false",
    "Up-Speed": "2.0",
    "Hidden": "Visible",
    "BoatInvalid": "Up",
    "PostBypass": "false",
    "Glide": "1.0E-4",
    "Invalid": "false"
  },
  "ElytraFlight": {
    "StopInWater": "false",
    "Vertical": "true",
    "InfiniteDurability": "false",
    "Mode": "Wasp",
    "StopOnGround": "false",
    "Instant": "true",
    "Enabled": "false",
    "Accelerate": "true",
    "Name": "ElytraFlight",
    "H-Speed": "1.0",
    "Toggle": "Normal",
    "V-Speed": "1.0",
    "Hidden": "Visible",
    "NCP": "false",
    "AutoStart": "false",
    "Glide": "1.0E-4",
    "AntiKick": "false"
  },
  "EntityControl": {
    "Control": "true",
    "Toggle": "Normal",
    "Hidden": "Visible",
    "Enabled": "false",
    "NoAI": "true",
    "JumpHeight": "0.7",
    "Name": "EntityControl"
  },
  "EntitySpeed": {
    "Speed": "3.8",
    "Stuck-Time": "10000",
    "NoStuck": "false",
    "Toggle": "Normal",
    "Hidden": "Visible",
    "Enabled": "false",
    "Reset-Stuck": "false",
    "Name": "EntitySpeed"
  },
  "FastSwim": {
    "Down-Lava": "1.0",
    "Down-Water": "1.0",
    "Enabled": "false",
    "Accelerate": "false",
    "Name": "FastSwim",
    "H-Water": "1.0",
    "Strafe": "false",
    "Toggle": "Normal",
    "Factor": "1.1",
    "Hidden": "Visible",
    "V-Water": "1.0",
    "Fall": "false",
    "Up-Lava": "1.0",
    "H-Lava": "1.0"
  },
  "Flight": {
    "Speed": "2.5",
    "Toggle": "Normal",
    "Mode": "Normal",
    "Hidden": "Visible",
    "Enabled": "false",
    "Animation": "true",
    "Glide-Speed": "0.03126",
    "Damage": "false",
    "AAC-Y": "0.83",
    "Glide": "true",
    "Name": "Flight",
    "AntiKick": "true"
  },
  "HighJump": {
    "Fast-Helping": "Fast",
    "Cooldown-Bypass": "None",
    "Jump-Factor": "0.5",
    "Scaffold-Max-Y": "10.0",
    "Delay": "25",
    "Name": "HighJump",
    "Raytrace": "Fast",
    "Swing": "false",
    "Factor": "1.0",
    "PlaceSwing": "Always",
    "Hidden": "Visible",
    "Packet": "true",
    "StackPacket": "false",
    "Range": "5.25",
    "Pop": "None",
    "Attack-Any": "false",
    "Reset-Always": "false",
    "OnlySpecial": "false",
    "AntiWeakness": "false",
    "Attack-Range": "6.0",
    "MinY": "0.0",
    "Cooldown": "500",
    "Constant": "false",
    "Add-Jump": "false",
    "Confirm": "100",
    "Cancel-Jump": "false",
    "Scaffold": "false",
    "Instant-Attack": "true",
    "Add-Y": "false",
    "Blocks/Place": "4",
    "Smart-Sneak": "false",
    "Scaffold-Y": "0.0",
    "Always-Y": "0.0",
    "Toggle": "Normal",
    "Height": "0.42",
    "Attack-Trace": "3.0",
    "BreakDelay": "250",
    "Blocking": "Strict",
    "Enabled": "false",
    "Explosions": "false",
    "Attack": "false",
    "OnGround": "true",
    "Velocity": "false",
    "LagTime": "1000",
    "Rotations": "None",
    "Jump-Delay": "250",
    "Pop-Time": "500",
    "Add-Factor": "0.5",
    "Scaffold-Offset": "2"
  },
  "HoleTP": {
    "2x1s": "true",
    "Toggle": "Normal",
    "Hidden": "Visible",
    "Enabled": "false",
    "Name": "HoleTP",
    "2x2s": "false"
  },
  "ReverseStep": {
    "Toggle": "Normal",
    "Hidden": "Visible",
    "Enabled": "true",
    "Name": "ReverseStep"
  },
  "IceSpeed": {
    "Speed": "0.4",
    "Toggle": "Normal",
    "Hidden": "Visible",
    "Enabled": "false",
    "Name": "IceSpeed"
  },
  "Jesus": {
    "Toggle": "Normal",
    "Mode": "Solid",
    "Hidden": "Visible",
    "Enabled": "false",
    "Name": "Jesus"
  },
  "LongJump": {
    "Boost": "4.5",
    "Toggle": "Normal",
    "Mode": "Normal",
    "Hidden": "Visible",
    "Enabled": "false",
    "Name": "LongJump",
    "AntiKick": "true"
  },
  "NoFall": {
    "Toggle": "Normal",
    "Mode": "Packet",
    "Hidden": "Visible",
    "Enabled": "false",
    "Name": "NoFall"
  },
  "Static": {
    "Timer": "false",
    "Toggle": "Normal",
    "Mode": "Stop",
    "Hidden": "Visible",
    "Enabled": "false",
    "Height": "4.0",
    "Name": "Static"
  },
  "NoSlowDown": {
    "GuiMove": "true",
    "SoulSand": "true",
    "Legit": "false",
    "WebsSneak": "false",
    "Enabled": "true",
    "Name": "NoSlowDown",
    "OnGroundSpoof": "false",
    "PhobosGui": "true",
    "Input": "true",
    "Timer": "8.0",
    "WebsHorizontal": "1.1",
    "SneakPacket": "false",
    "Toggle": "Normal",
    "UseTimerInWeb": "false",
    "Hidden": "Visible",
    "Items": "true",
    "SuperStrict": "false",
    "Sprint": "true",
    "WebsVertical": "2.0"
  },
  "PacketFly": {
    "C-Multiplier": "1.0",
    "Phase": "Full",
    "Invalid-Offset": "1337",
    "Teleport": "1",
    "Zero-Y": "false",
    "C-Y": "0.0",
    "Name": "PacketFly",
    "Jitter-XZ": "false",
    "Jitter-Y": "false",
    "Zero-Teleport": "true",
    "Toggle": "Normal",
    "Factor": "1.0",
    "FixPosition": "true",
    "Hidden": "Visible",
    "Zero-Speed": "false",
    "Set-Pos": "false",
    "AntiKick": "true",
    "BB-Offset": "false",
    "Mode": "Factor",
    "X/Z-Multiplier": "1.0",
    "Enabled": "false",
    "Position-Rotation": "false",
    "Zoomies": "3",
    "Answer": "false",
    "Type": "Up",
    "Invalids": "1",
    "Elytra": "false",
    "Y-Multiplier": "1.0"
  },
  "Phase": {
    "Cancel": "false",
    "CancelSneak": "false",
    "ConstSpeed": "1.0",
    "AutoSneak": "false",
    "Name": "Phase",
    "AutoClick": "false",
    "Click-Delay": "250",
    "ConstTeleport": "false",
    "Toggle": "Normal",
    "Hidden": "Visible",
    "Distance": "0.2",
    "Speed": "4.0",
    "Blocks": "0.003",
    "OnlyInBlock": "false",
    "ESP": "false",
    "Click-BB": "false",
    "Mode": "Sand",
    "Skip-Time": "150",
    "Color": "4CFFFFFF-false-false-false-100.0-100.0-100.0",
    "Enabled": "false",
    "Outline": "F0FFFFFF-false-false-false-100.0-100.0-100.0",
    "AutoClip": "false",
    "Forward-BB": "false",
    "RequireClick": "false",
    "SneakCheck": "false",
    "RequireForward": "false",
    "Limit": "true",
    "ConstStrafe": "false",
    "LineWidth": "1.5",
    "SmartClick": "false"
  },
  "SafeWalk": {
    "Toggle": "Normal",
    "Hidden": "Visible",
    "Enabled": "false",
    "Name": "SafeWalk"
  },
  "Speed": {
    "InWater": "false",
    "Speed": "4.0",
    "UseTimer": "true",
    "ConstTicks": "10",
    "Mode": "Strafe",
    "Enabled": "false",
    "Explosions": "false",
    "StrafeSpeed": "0.2873",
    "Velocity": "false",
    "LagTime": "500",
    "ConstOff": "3",
    "Name": "Speed",
    "Directional": "true",
    "V-Factor": "1.0",
    "H-Factor": "1.0",
    "LagOutBlocks": "false",
    "Cap": "10.0",
    "Slowness": "false",
    "CoolDown": "1000",
    "Toggle": "Normal",
    "Hidden": "Visible",
    "ScaleCap": "false",
    "NoLiquidInstant": "false",
    "ConstFactor": "2.149"
  },
  "Step": {
    "ESP": "None",
    "EntityStep": "true",
    "UseTimer": "true",
    "Vanilla": "true",
    "Color": "4C00FFFF-false-false-false-100.0-100.0-100.0",
    "Enabled": "false",
    "Outline": "FF00FFFF-false-false-false-100.0-100.0-100.0",
    "LagTime": "0",
    "Name": "Step",
    "AutoOff": "true",
    "Toggle": "Normal",
    "Hidden": "Visible",
    "Height": "2.0",
    "LineWidth": "1.5",
    "ESP-Height": "1.0",
    "Mine-Gapple": "false"
  },
  "Velocity": {
    "Vertical": "0.0",
    "Water": "false",
    "Bobbers": "true",
    "Horizontal": "0.0",
    "Blocks": "false",
    "NoPush": "true",
    "Enabled": "true",
    "Explosions": "true",
    "Name": "Velocity",
    "KnockBack": "true",
    "Shulkers": "false",
    "Toggle": "Normal",
    "Hidden": "Hidden"
  },
  "AutoMine": {
    "BreakTrace": "3.5",
    "Check-Range": "false",
    "Rotate": "false",
    "1.13+": "false",
    "PlaceTrace": "6.0",
    "AutoCrystalDownTime": "500",
    "BlackList": "true",
    "Self": "false",
    "Suicide": "false",
    "Delay": "0",
    "Name": "AutoMine",
    "Prio-SelfUntrap": "false",
    "1.13-Entities": "false",
    "Mine-L": "false",
    "Mine-Burrow": "false",
    "Self-EchestBurrow-Mine": "false",
    "Toggle": "Normal",
    "Hidden": "Visible",
    "Add_Block": "\u003c...\u003e",
    "CheckPlayerState": "true",
    "Reset-Invalid": "false",
    "ImproveCalcs": "false",
    "Blacklist-For": "120",
    "MaxSelfDmg": "10.0",
    "Improve": "true",
    "ConstCheck": "true",
    "PlaceRange": "6.0",
    "Head": "false",
    "List-Type": "BlackList",
    "ObbyPositions": "false",
    "Mode": "Combat",
    "CheckCurrent": "true",
    "Enabled": "false",
    "Range": "7.09",
    "Reset-Offset": "0",
    "CheckCrystalDownTime": "false",
    "MineObby": "true",
    "MinDamage": "6.0",
    "Echests": "false",
    "Echest-Range": "3.0",
    "Terrain": "false",
    "MaxTime": "20000",
    "ClosestPlayer": "true",
    "TerrainDelay": "500"
  },
  "AutoTool": {
    "Toggle": "Normal",
    "Hidden": "Visible",
    "Enabled": "false",
    "Name": "AutoTool"
  },
  "Blink": {
    "Packets": "CPacketPlayer",
    "Toggle": "Normal",
    "Hidden": "Visible",
    "Enabled": "false",
    "LagDisable": "false",
    "Name": "Blink"
  },
  "BlockTweaks": {
    "NoBreakAnim": "false",
    "1.13-Entities": "false",
    "List-Type": "WhiteList",
    "BreakDelay": "0",
    "Toggle": "Normal",
    "IgnoreFalling": "false",
    "Hidden": "Hidden",
    "Enabled": "true",
    "Add_Block": "\u003c...\u003e",
    "RightAttack": "false",
    "Name": "BlockTweaks",
    "EntityMine": "true"
  },
  "Cleaner": {
    "DragXCarry": "true",
    "LootFullInvClean": "true",
    "XCarry-Stacks": "31",
    "List-Type": "BlackList",
    "Rotate": "false",
    "PrioHotbar": "true",
    "Enabled": "false",
    "XCarry": "false",
    "Global-Delay": "500",
    "Delay": "500",
    "Name": "Cleaner",
    "Stack": "false",
    "CleanInLoot": "true",
    "InInventory": "false",
    "StackDrag": "true",
    "Min-XCarry": "5",
    "Toggle": "Normal",
    "Hidden": "Visible",
    "Add_Block": "\u003c...\u003e",
    "SizeCheck": "true",
    "SmartStack": "false"
  },
  "ExpTweaks": {
    "MiddleClickExp": "true",
    "WasteLoot": "true",
    "PacketsInLoot": "true",
    "Enabled": "true",
    "Silent": "true",
    "MCE-Packets": "0",
    "Stop-Dura": "100",
    "Name": "ExpTweaks",
    "ExpPackets": "0",
    "Grow": "0.0",
    "WasteStop": "false",
    "Toggle": "Normal",
    "WasteIf": "30",
    "Hidden": "Hidden",
    "WhileEating": "true",
    "FeetExp": "false"
  },
  "FakePlayer": {
    "Loop": "false",
    "Gapple": "true",
    "Gapple-Delay": "1600",
    "Toggle": "Normal",
    "Hidden": "Visible",
    "Enabled": "false",
    "Play-Recording": "false",
    "Record": "false",
    "Damage": "false",
    "Name": "FakePlayer"
  },
  "FastPlace": {
    "All": "true",
    "List-Type": "WhiteList",
    "Bypass": "false",
    "Double-Eat": "false",
    "Toggle": "Normal",
    "Hidden": "Hidden",
    "Enabled": "true",
    "Add_Block": "\u003c...\u003e",
    "Bypass-Containers": "false",
    "Delay": "0",
    "Name": "FastPlace",
    "Food-Bypass": "false"
  },
  "FastEat": {
    "Speed": "15.0",
    "Toggle": "Normal",
    "Mode": "Packet",
    "Hidden": "Visible",
    "Enabled": "false",
    "Name": "FastEat",
    "Cancel-Digging": "false"
  },
  "Freecam": {
    "Speed": "0.59",
    "Toggle": "Normal",
    "Mode": "Position",
    "Hidden": "Visible",
    "Enabled": "false",
    "Name": "Freecam"
  },
  "LiquidInteract": {
    "Toggle": "Normal",
    "Hidden": "Visible",
    "Enabled": "false",
    "Name": "LiquidInteract"
  },
  "MCP": {
    "CancelBlock": "false",
    "Toggle": "Normal",
    "Hidden": "Hidden",
    "Enabled": "false",
    "PrioMCF": "false",
    "Name": "MCP",
    "CancelMCF": "true"
  },
  "MultiTask": {
    "Toggle": "Normal",
    "Hidden": "Hidden",
    "Enabled": "true",
    "Name": "MultiTask"
  },
  "NCPTweaks": {
    "Eating": "true",
    "Packet": "true",
    "Stop-Speed": "false",
    "Moving": "true",
    "Toggle": "Normal",
    "Hidden": "Visible",
    "Enabled": "false",
    "Sneak-Eat": "false",
    "Reset-NCP": "false",
    "Delay": "50",
    "Name": "NCPTweaks"
  },
  "NoGlitchBlocks": {
    "Ground": "false",
    "Toggle": "Normal",
    "Break": "true",
    "Hidden": "Visible",
    "Enabled": "true",
    "Place": "true",
    "Name": "NoGlitchBlocks"
  },
  "NoHunger": {
    "Ground": "true",
    "Toggle": "Normal",
    "Hidden": "Visible",
    "Enabled": "false",
    "Sprint": "true",
    "Name": "NoHunger"
  },
  "NoRotate": {
    "NoForceLook": "false",
    "Async": "false",
    "Toggle": "Normal",
    "Hidden": "Visible",
    "Enabled": "true",
    "NoThrowableSpoof": "false",
    "Name": "NoRotate"
  },
  "Arrows": {
    "Shoot-Delay": "500",
    "Max-Ticks": "10",
    "List-Type": "BlackList",
    "Cycle-Delay": "250",
    "Enabled": "false",
    "Tps-Sync": "true",
    "Auto-Release": "false",
    "Bind-Cycle-BlackListed": "true",
    "Add_Potion": "\u003c...\u003e",
    "Cancel-Time": "0",
    "Name": "Arrows",
    "Cycle-Shoot": "true",
    "Fast-Cancel": "false",
    "Min-Potion": "0",
    "Toggle": "Normal",
    "Release-Ticks": "3",
    "Hidden": "Visible",
    "Fast-Cycle": "false",
    "Shoot": "false"
  },
  "PhaseTrace": {
    "Liquids": "true",
    "Phase": "true",
    "Toggle": "Normal",
    "Hidden": "Hidden",
    "Enabled": "false",
    "OnlyPhase": "true",
    "Name": "PhaseTrace",
    "Liquid-CrystalPlace": "true"
  },
  "Reach": {
    "Add": "1.5",
    "HitBox": "0.0",
    "Toggle": "Normal",
    "Hidden": "Visible",
    "Enabled": "false",
    "Name": "Reach"
  },
  "Replenish": {
    "MinSize": "54",
    "List-Type": "BlackList",
    "Toggle": "Normal",
    "ReplenishInLoot": "true",
    "Hidden": "Hidden",
    "Enabled": "true",
    "Add_Block": "\u003c...\u003e",
    "PutBack": "true",
    "Delay": "50",
    "Name": "Replenish",
    "Threshold": "10"
  },
  "Scaffold": {
    "Rotate": "true",
    "Cooldown": "0",
    "Spectate": "false",
    "CheckState": "true",
    "Name": "Scaffold",
    "Smart-Sneak": "false",
    "Toggle": "Normal",
    "Swing": "false",
    "Hidden": "Visible",
    "Add_Block": "\u003c...\u003e",
    "Keep-Rotations": "0",
    "Helping": "true",
    "Down": "true",
    "AAC": "false",
    "List-Type": "BlackList",
    "BreakDelay": "0",
    "Pre-Rotations": "0",
    "Instant": "true",
    "Enabled": "false",
    "Attack": "false",
    "StopSprint": "false",
    "Offset": "true",
    "Pop": "None",
    "FastDown": "true",
    "Freecam": "false",
    "Tower": "true",
    "Pop-Time": "500",
    "AAC-Delay": "150"
  },
  "Sorter": {
    "SortInLoot": "false",
    "List-Type": "WhiteList",
    "SortInInventory": "false",
    "Toggle": "Normal",
    "Hidden": "Visible",
    "Enabled": "false",
    "VirtualHotbar": "false",
    "Sort": "false",
    "Global-Delay": "500",
    "Add_Layout": "\u003c...\u003e",
    "Delay": "500",
    "Name": "Sorter"
  },
  "Spectate": {
    "Rotate": "true",
    "Spectator-Rotate": "false",
    "Toggle": "Normal",
    "NoMove": "true",
    "Hidden": "Visible",
    "Enabled": "false",
    "Name": "Spectate"
  },
  "Speedmine": {
    "Rotate": "false",
    "PlaceCrystal": "true",
    "RequireBreakSlot": "false",
    "Confirm": "500",
    "ResetAfterPacket": "false",
    "Delay": "0",
    "Name": "Speedmine",
    "Toggle": "Normal",
    "CheckPacket": "true",
    "Hidden": "Hidden",
    "Reset": "true",
    "Damage": "0.0",
    "SilentSwitch": "true",
    "ESP": "Box",
    "Limit-Rotations": "true",
    "Mode": "Packet",
    "BlockAlpha": "53",
    "Enabled": "true",
    "OnGround": "true",
    "Range": "7.0",
    "Normal": "false",
    "DisplayDamage": "true",
    "Event": "false",
    "OutlineAlpha": "127",
    "ClickDelay": "0",
    "ToAir": "false",
    "Swing-Stop": "true",
    "MultiTask": "true"
  },
  "Suicide": {
    "PlaceRange": "5.25",
    "1.13+": "false",
    "BreakDelay": "50",
    "Rotate": "false",
    "Throw-Delay": "500",
    "Mode": "Command",
    "Instant": "true",
    "PlaceDelay": "50",
    "Enabled": "false",
    "Silent": "false",
    "Min-Instant": "6.0",
    "ThrowAwayTotem": "true",
    "Name": "Suicide",
    "1.13-Entities": "false",
    "Armor": "true",
    "Offhand": "true",
    "Toggle": "Normal",
    "RayTrace": "3.0",
    "Ask": "true",
    "Hidden": "Visible",
    "Instant-Calc": "false",
    "BreakRange": "6.0"
  },
  "Timer": {
    "Speed": "1.0888",
    "Slow": "1.0",
    "Max-Packets": "100",
    "Mode": "Normal",
    "Enabled": "false",
    "LagTime": "250",
    "Name": "Timer",
    "SlowTime": "250",
    "Offset": "10",
    "AutoOff": "0",
    "Updates": "2",
    "Toggle": "Normal",
    "Hidden": "Visible",
    "Network-Ticks": "10",
    "Fast": "20.0",
    "FastTime": "100"
  },
  "XCarry": {
    "Toggle": "Normal",
    "Hidden": "Visible",
    "Enabled": "true",
    "Name": "XCarry"
  },
  "BlockHighlight": {
    "Toggle": "Normal",
    "Color": "00000000-false-false-false-100.0-100.0-100.0",
    "Hidden": "Visible",
    "Enabled": "false",
    "Outline": "F0C009FF-false-false-false-100.0-100.0-100.0",
    "HitVec": "true",
    "LineWidth": "3.8",
    "Distance": "true",
    "Name": "BlockHighlight"
  },
  "BreadCrumbs": {
    "Logout-Clear": "true",
    "Render": "true",
    "Color": "7DFF0000-false-false-false-100.0-100.0-100.0",
    "Enabled": "false",
    "Delay": "0",
    "Name": "BreadCrumbs",
    "Death-Clear": "true",
    "Toggle": "Normal",
    "Fade-Delay": "2000",
    "Hidden": "Visible",
    "Width": "1.6",
    "Fade": "true",
    "Players": "false"
  },
  "Chams": {
    "XQZ": "true",
    "EnemyWallsColor": "FFFFFFFF-false-false-false-100.0-100.0-100.0",
    "Mode": "JelloBottom",
    "Color": "60C163FF-false-false-false-100.0-100.0-100.0",
    "Enabled": "false",
    "FriendWallsColor": "FFFFFFFF-false-false-false-100.0-100.0-100.0",
    "Self": "false",
    "ArmorEnemyColor": "FFFFFFFF-false-false-false-100.0-100.0-100.0",
    "Image": "thumb-1920-980830.png",
    "Texture": "true",
    "Name": "Chams",
    "ArmorFriendColor": "FFFFFFFF-false-false-false-100.0-100.0-100.0",
    "Animals": "true",
    "EnemyColor": "FFFFFFFF-false-false-false-100.0-100.0-100.0",
    "Armor": "true",
    "Toggle": "Normal",
    "Monsters": "true",
    "Hidden": "Visible",
    "ArmorColor": "FFFFFFFF-false-false-false-100.0-100.0-100.0",
    "MixFactor": "1.0",
    "WallsColor": "FF3D08AE-true-false-false-100.0-100.0-100.0",
    "FriendColor": "FFC10EFF-false-false-false-100.0-100.0-100.0",
    "Players": "true"
  },
  "ESP": {
    "Storage-Range": "1000.0",
    "Mode": "Outline",
    "Color": "FF3D08AE-true-false-false-100.0-100.0-100.0",
    "Enabled": "false",
    "InvisibleColor": "FFB4B4FF-false-false-false-100.0-100.0-100.0",
    "Scale": "0.003",
    "Hurt": "true",
    "TargetColor": "FFFF0000-false-false-false-100.0-100.0-100.0",
    "Name": "ESP",
    "Vehicles": "false",
    "Animals": "false",
    "Storage": "false",
    "Toggle": "Normal",
    "Monsters": "false",
    "Hidden": "Hidden",
    "Items": "false",
    "LineWidth": "4.16",
    "FriendColor": "FF32FF32-false-false-false-100.0-100.0-100.0",
    "Players": "false",
    "Other": "false"
  },
  "Fullbright": {
    "Toggle": "Normal",
    "Mode": "Gamma",
    "Hidden": "Hidden",
    "Enabled": "true",
    "Name": "Fullbright"
  },
  "HoleESP": {
    "S-Holes": "10",
    "AlphaFactor": "0.3",
    "2x1-Holes": "1",
    "2x2-Holes": "1",
    "Fade-Range": "4.0",
    "Own": "false",
    "Enabled": "true",
    "2x1-Color": "FF5A09FF-false-false-false-100.0-100.0-100.0",
    "Range": "6.0",
    "Fov": "true",
    "SafeColor": "FF00FF00-false-false-false-100.0-100.0-100.0",
    "Min-Fade": "3.0",
    "Name": "HoleESP",
    "2x1-Height": "0.04",
    "2x2-Color": "FF0050FF-false-false-false-100.0-100.0-100.0",
    "2x2-Height": "0.04",
    "Toggle": "Normal",
    "Hidden": "Hidden",
    "Holes": "10",
    "UnsafeHeight": "0.04",
    "UnsafeColor": "FFFF0000-false-false-false-100.0-100.0-100.0",
    "SafeHeight": "0.04",
    "Fade": "true"
  },
  "Lag-O-Meter": {
    "ESP": "false",
    "ESP-Time": "500",
    "Color": "50FF0000-false-false-false-100.0-100.0-100.0",
    "Enabled": "true",
    "Outline": "FFFF0000-false-false-false-100.0-100.0-100.0",
    "Scale": "0.003",
    "Name": "Lag-O-Meter",
    "Response": "true",
    "Chat-Time": "3000",
    "Lag": "true",
    "Name-Color": "FFFFFFFF-false-false-false-100.0-100.0-100.0",
    "Render-Text": "true",
    "Nametag": "false",
    "Toggle": "Normal",
    "Chat": "true",
    "Hidden": "Hidden",
    "ResponseTime": "500",
    "LineWidth": "1.5"
  },
  "LogoutSpots": {
    "Message": "Render",
    "Render": "true",
    "Friends": "true",
    "Toggle": "Normal",
    "Hidden": "Visible",
    "Enabled": "false",
    "Scale": "0.003",
    "Name": "LogoutSpots"
  },
  "VoidESP": {
    "Radius": "20",
    "Live-Holes": "false",
    "Color": "4CFF0000-false-false-false-100.0-100.0-100.0",
    "Enabled": "false",
    "Outline": "F2FF0000-false-false-false-100.0-100.0-100.0",
    "Update": "500",
    "Name": "VoidESP",
    "Toggle": "Normal",
    "Hidden": "Visible",
    "Holes": "500",
    "Max-Y": "256",
    "LineWidth": "1.5",
    "ESP-Height": "0.0"
  },
  "Nametags": {
    "Invisibles": "false",
    "Pops": "true",
    "Health": "true",
    "Media": "true",
    "Enabled": "true",
    "Durability": "true",
    "Scale": "0.003",
    "Fov": "true",
    "Delay": "16",
    "Name": "Nametags",
    "GameMode": "false",
    "Sneak": "true",
    "2D": "false",
    "Armor": "true",
    "MultiThread": "true",
    "Toggle": "Normal",
    "Ping": "true",
    "Hidden": "Hidden",
    "Id": "false",
    "Burrow": "true",
    "StackName": "false",
    "Debug": "false"
  },
  "NewChunks": {
    "Unload": "false",
    "Toggle": "Normal",
    "Hidden": "Visible",
    "Enabled": "false",
    "Name": "NewChunks"
  },
  "NoRender": {
    "BossHealth": "true",
    "HurtCam": "true",
    "SkyLight": "true",
    "Leggings": "true",
    "Pumpkin": "true",
    "CritParticles": "true",
    "Name": "NoRender",
    "Helmet": "true",
    "Toggle": "Normal",
    "Hidden": "Hidden",
    "Portal": "true",
    "DefaultGuiBackGround": "true",
    "TotemPop": "false",
    "Items": "false",
    "DynamicFov": "true",
    "NoFog": "true",
    "Blocks": "true",
    "Enabled": "true",
    "Nausea": "true",
    "Explosions": "true",
    "Entities": "false",
    "Weather": "true",
    "Barriers": "true",
    "Fire": "true",
    "Boots": "true",
    "Breastplate": "true",
    "Advancements": "true"
  },
  "Search": {
    "Fill": "false",
    "Colored-Tracers": "false",
    "Enabled": "false",
    "Remove": "false",
    "Range": "256.0",
    "NoUnloaded": "false",
    "Name": "Search",
    "SoftReload": "false",
    "Count-Range": "false",
    "Toggle": "Normal",
    "Hidden": "Visible",
    "Add_Block": "\u003c...\u003e",
    "Lines": "true",
    "Tracers": "false",
    "Max-Blocks": "10000"
  },
  "Skeleton": {
    "Toggle": "Normal",
    "Color": "FFFFFFFF-false-false-false-100.0-100.0-100.0",
    "Hidden": "Visible",
    "Enabled": "false",
    "FriendColor": "FF32FF32-false-false-false-100.0-100.0-100.0",
    "TargetColor": "FFFF0000-false-false-false-100.0-100.0-100.0",
    "Name": "Skeleton"
  },
  "Sounds": {
    "Wither": "false",
    "Packet": "true",
    "Thunder": "false",
    "List-Type": "BlackList",
    "Render": "true",
    "Client-Side": "false",
    "Color": "FFFFFFFF-false-false-false-100.0-100.0-100.0",
    "Rectangle": "false",
    "Enabled": "false",
    "Page": "ESP",
    "Custom": "true",
    "Scale": "0.003",
    "Remove": "750",
    "Cancelled": "true",
    "Coord-Logger": "Vanilla",
    "Dragon": "false",
    "Slimes": "false",
    "Name": "Sounds",
    "Add_Sound": "\u003c...\u003e",
    "Toggle": "Normal",
    "Chat": "false",
    "Hidden": "Visible",
    "Portal": "false",
    "Fade": "false"
  },
  "Tracers": {
    "Entity": "false",
    "Invisibles": "false",
    "MinRange": "0.0",
    "Friends": "true",
    "Mode": "Outline",
    "Amount": "100",
    "Enabled": "false",
    "Name": "Tracers",
    "Vehicles": "false",
    "Boss": "false",
    "Target": "Body",
    "Animals": "false",
    "MaxRange": "1000.0",
    "Toggle": "Normal",
    "Monsters": "false",
    "Hidden": "Visible",
    "Items": "false",
    "LineWidth": "1.5",
    "Players": "true",
    "Other": "false",
    "Lines": "true"
  },
  "CameraClip": {
    "Extend": "false",
    "Toggle": "Normal",
    "Hidden": "Visible",
    "Enabled": "true",
    "Distance": "20.5",
    "Name": "CameraClip"
  },
  "ViewModel": {
    "X-Translate": "1.0",
    "MainHand-Y": "0.6",
    "Y-Scale": "0.6",
    "Y-Translate": "0.0",
    "MainHand-X": "-2.0",
    "Enabled": "true",
    "Z-Scale": "1.7",
    "Name": "ViewModel",
    "OffHand-X": "-2.0",
    "OffHand-Y": "0.6",
    "Angle-Translate": "0.0",
    "Toggle": "Normal",
    "Hidden": "Visible",
    "Z-Translate": "1.0",
    "X-Scale": "1.0"
  },
  "XRay": {
    "List-Type": "WhiteList",
    "Toggle": "Normal",
    "Mode": "Simple",
    "Hidden": "Visible",
    "Enabled": "false",
    "Add_Block": "\u003c...\u003e",
    "Opacity": "120",
    "Soft-Reload": "false",
    "Name": "XRay"
  },
  "CrystalScale": {
    "AnimationTime": "60",
    "Animate": "false",
    "Toggle": "Normal",
    "Hidden": "Visible",
    "Enabled": "false",
    "Scale": "0.78",
    "Name": "CrystalScale"
  },
  "Trails": {
    "Toggle": "Normal",
    "Color": "FFFF0000-false-false-false-100.0-100.0-100.0",
    "Hidden": "Visible",
    "Enabled": "false",
    "Snowballs": "false",
    "Time": "1",
    "Arrows": "true",
    "Pearls": "false",
    "Width": "1.6",
    "Name": "Trails"
  },
  "Trajectories": {
    "Landed": "true",
    "Toggle": "Normal",
    "Color": "FFAC00FF-false-false-false-100.0-100.0-100.0",
    "Hidden": "Visible",
    "Enabled": "true",
    "Name": "Trajectories"
  },
  "Penis": {
    "EnemyTipColor": "FFA06362-false-false-false-100.0-100.0-100.0",
    "Enabled": "false",
    "FriendLength": "0.8",
    "FriendShaftColor": "FF5F433F-false-false-false-100.0-100.0-100.0",
    "Name": "Penis",
    "SelfLength": "0.8",
    "EnemyShaftColor": "FF5F433F-false-false-false-100.0-100.0-100.0",
    "SelfTipColor": "FFA06362-false-false-false-100.0-100.0-100.0",
    "FriendTipColor": "FFA06362-false-false-false-100.0-100.0-100.0",
    "Uncircumcised": "false",
    "Toggle": "Normal",
    "Hidden": "Visible",
    "EnemyLength": "0.4",
    "SelfShaftColor": "FF5F433F-false-false-false-100.0-100.0-100.0"
  },
  "Waypoints": {
    "End-Color": "FF00FFFF-false-false-false-100.0-100.0-100.0",
    "List-Type": "WhiteList",
    "Render": "None",
    "Enabled": "false",
    "OVW-Color": "FF00FF00-false-false-false-100.0-100.0-100.0",
    "Add Waypoint": "\u003c...\u003e",
    "Scale": "0.003",
    "Range": "1000",
    "Name": "Waypoints",
    "OVW-Nether": "false",
    "Nether-Color": "FFFFFF00-false-false-false-100.0-100.0-100.0",
    "Toggle": "Normal",
    "Hidden": "Visible",
    "LineWidth": "1.5",
    "Nether-OVW": "false"
  },
  "Weather": {
    "Snow": "true",
    "Toggle": "Normal",
    "Hidden": "Hidden",
    "Enabled": "false",
    "Height": "0",
    "Strength": "0.21",
    "Name": "Weather"
  },
  "HandChams": {
    "Chams": "true",
    "Toggle": "Normal",
    "Mode": "Normal",
    "Wireframe": "true",
    "Color": "FF8519E1-false-false-false-100.0-100.0-100.0",
    "Hidden": "Visible",
    "Enabled": "false",
    "WireframeColor": "FF640EAF-false-false-false-100.0-100.0-100.0",
    "Name": "HandChams"
  },
  "CrystalChams": {
    "Chams": "true",
    "Toggle": "Normal",
    "Mode": "Normal",
    "Wireframe": "true",
    "Color": "799D0AE4-false-false-false-100.0-100.0-100.0",
    "Hidden": "Visible",
    "Enabled": "true",
    "ThroughWalls": "true",
    "WireThroughWalls": "true",
    "WireframeColor": "FFD000FF-false-false-false-100.0-100.0-100.0",
    "Name": "CrystalChams"
  },
  "RainbowEnchant": {
    "Toggle": "Normal",
    "Hidden": "Visible",
    "Enabled": "false",
    "Name": "RainbowEnchant"
  },
  "Crosshair": {
    "Attack-Indicator": "true",
    "Length": "5.5",
    "Toggle": "Normal",
    "Gap-Mode": "DYNAMIC",
    "Color": "FFBE3CBE-false-false-false-100.0-100.0-100.0",
    "Gap-Size": "1.28",
    "Hidden": "Visible",
    "Enabled": "true",
    "Outline": "true",
    "Outline-Color": "FF000000-false-false-false-100.0-100.0-100.0",
    "Width": "0.2",
    "Name": "Crosshair"
  },
  "PopChams": {
    "Self-Pop": "false",
    "Color": "9EE100FF-false-false-false-100.0-100.0-100.0",
    "Enabled": "true",
    "Friend-Pop": "false",
    "Outline": "FFF900E2-false-false-false-100.0-100.0-100.0",
    "Fade-Time": "2550",
    "Name": "PopChams",
    "Friend-Outline": "FF2DFF2D-false-false-false-100.0-100.0-100.0",
    "Self-Outline": "FF5050FF-false-false-false-100.0-100.0-100.0",
    "Toggle": "Normal",
    "Hidden": "Hidden",
    "Self-Color": "505050FF-false-false-false-100.0-100.0-100.0",
    "LineWidth": "1.5",
    "Friend-Color": "502DFF2D-false-false-false-100.0-100.0-100.0"
  },
  "S-AutoTotem": {
    "Health": "14.5",
    "Toggle": "Normal",
    "Hidden": "Visible",
    "Enabled": "false",
    "XCarry": "false",
    "SafeHealth": "3.5",
    "Name": "S-AutoTotem"
  },
  "S-AutoCrystal": {
    "BreakTrace": "4.5",
    "1.13+": "false",
    "Rotate": "None",
    "Gameloop": "false",
    "PlaceTrace": "6.0",
    "Cooldown": "500",
    "ThreadDelay": "30",
    "SetDead": "false",
    "Break": "true",
    "FallBack": "true",
    "Suicide": "false",
    "FacePlace": "10.0",
    "CountMin": "true",
    "Name": "S-AutoCrystal",
    "CombinedTrace": "4.5",
    "Target": "Closest",
    "AntiSurround": "true",
    "Toggle": "Normal",
    "MultiPlace": "1",
    "Hidden": "Visible",
    "Tick": "true",
    "BreakRange": "6.0",
    "Override": "false",
    "Stay": "false",
    "PlaceRange": "6.0",
    "Packet": "true",
    "MaxSelfPlace": "9.0",
    "BreakDelay": "0",
    "Instant": "false",
    "FB-Dmg": "2.0",
    "PlaceDelay": "0",
    "Enabled": "false",
    "AntiFriendPop": "true",
    "Range": "12.0",
    "Post-Tick": "false",
    "MinDamage": "6.0",
    "MinFace": "2.0",
    "SoundRemove": "false",
    "MultiThread": "false",
    "Place": "true",
    "MaxSelfBreak": "10.0",
    "MultiTask": "true"
  },
  "S-Inventory": {
    "Toggle": "Normal",
    "Hidden": "Visible",
    "Enabled": "false",
    "Delay": "5",
    "Name": "S-Inventory"
  },
  "S-Safety": {
    "SafetyPlayer": "false",
    "1.13+": "false",
    "MaxDamage": "4.0",
    "Updates": "Tick",
    "Toggle": "Normal",
    "Hidden": "Visible",
    "Enabled": "false",
    "Delay": "25",
    "Name": "S-Safety",
    "BedCheck": "false"
  },
  "PingBypass": {
    "Toggle": "Normal",
    "Port": "0",
    "IP": "Proxy-IP",
    "NoRender": "false",
    "Hidden": "Visible",
    "Enabled": "false",
    "Pings": "5",
    "Name": "PingBypass"
  }
}